id;familia;fabricante;grade;carga;densidade_g_cm3;mfr_g_10min;mvr_cm3_10min;mvr_condicao;temp_fusao_c;temp_fundido_min_c;temp_fundido_max_c;temp_fundido_rec_c;temp_molde_min_c;temp_molde_max_c;temp_molde_rec_c;secagem_temp_min_c;secagem_temp_max_c;secagem_tempo_min_h;secagem_tempo_max_h;umidade_max_pct;zona_traseira_min_c;zona_traseira_max_c;zona_media_min_c;zona_media_max_c;zona_frontal_min_c;zona_frontal_max_c;bico_min_c;bico_max_c;contra_pressao_max_mpa;velocidade_injecao;contracao_paralela_pct;contracao_normal_pct;contracao_faixa_min_pct;contracao_faixa_max_pct;hdt_1_8mpa_c;hdt_0_45mpa_c;densidade_fundido_g_cm3;calor_especifico_fundido_j_kg_c;condutividade_fundido_w_m_k;temp_extracao_c;temp_fluxo_c;fonte_url;fonte_tipo;data_consulta;observacoes;campos_faltantes;cross_wlf_disponivel;pvt_disponivel
POM-CELANESE-CELCON-M90;POM;Celanese;Celcon M90;;1.41;;8.0;190°C/2.16 kg;166;180;190;;80;120;;100;120;3.0;4.0;;170;180;180;190;180;190;190;200;4.0;Lenta a moderada;2.0;1.9;;;101;158;1.2;2210;0.16;140;174;https://quickparts.com/wp-content/uploads/2024/05/Celcon-M90-Acetal.pdf;Datasheet UL Prospector (Celanese, atualizado 09/01/2023);2026-10-03;Contração ISO 294-4. Versão antiga do datasheet (protolabs.com) indica fundido 180-200°C e secagem 80-100°C/3 h. Guia de processamento Celanese (via Material Data Center) indica fundido preferencial 182-199°C, molde 82-93°C (até 120°C), máx. 230°C no fundido, e que secagem geralmente não é exigida para copolímero.;"mfr_g_10min;temp_fundido_rec_c;temp_molde_rec_c;umidade_max_pct";False;False
POM-POLYPLASTICS-DURACON-M90-44;POM;Polyplastics;Duracon M90-44;;1.41;9.0;;190°C/2.16 kg;;;;;;;;;;;;;;;;;;;;;;;;;;;;;;;;;;https://ultrapolymers.com/en/products/101518-duracon-m90-44;Página de distribuidor (Ultrapolymers);2026-10-03;Somente densidade e MFR encontrados em fonte aberta. Datasheet completo e condições de moldagem estão no UL Prospector (exige cadastro gratuito). Registro marcado como incompleto.;"mvr_cm3_10min;temp_fusao_c;temp_fundido_min_c;temp_fundido_max_c;temp_fundido_rec_c;temp_molde_min_c;temp_molde_max_c;temp_molde_rec_c;secagem_temp_min_c;secagem_temp_max_c;secagem_tempo_min_h;secagem_tempo_max_h;umidade_max_pct;zona_traseira_min_c;zona_traseira_max_c;zona_media_min_c;zona_media_max_c;zona_frontal_min_c;zona_frontal_max_c;bico_min_c;bico_max_c;contra_pressao_max_mpa;velocidade_injecao;contracao_paralela_pct;contracao_normal_pct;hdt_1_8mpa_c;hdt_0_45mpa_c;densidade_fundido_g_cm3;calor_especifico_fundido_j_kg_c;condutividade_fundido_w_m_k;temp_extracao_c;temp_fluxo_c";False;False
PA66-BASF-ULTRAMID-A3K;PA66;BASF;Ultramid A3K;;1.13;;120;275°C/5 kg;260;280;300;290;60;80;60;80;80;4;4;;;;;;;;;;;;1.5;1.8;;;;;;;;;;https://download.basf.com/p1/8a8082587fd4b608017fd64108ab6d3b/en/ULTRAMID_A3K_Product_Data_Sheet_Asia_PacificEurope_English.pdf;Product Information BASF (02/2026) + Material Data Center (MVR, secagem, recomendados);2026-10-03;Contração restrita (constrained) 0,95%. Contração ISO 294-4 para estado seco.;"mfr_g_10min;umidade_max_pct;zona_traseira_min_c;zona_traseira_max_c;zona_media_min_c;zona_media_max_c;zona_frontal_min_c;zona_frontal_max_c;bico_min_c;bico_max_c;contra_pressao_max_mpa;velocidade_injecao;hdt_1_8mpa_c;hdt_0_45mpa_c;densidade_fundido_g_cm3;calor_especifico_fundido_j_kg_c;condutividade_fundido_w_m_k;temp_extracao_c;temp_fluxo_c";False;False
PA66-GF30-BASF-ULTRAMID-A3WG6-LT-BK;PA66;BASF;Ultramid A3WG6 LT BK;GF30;1.366;;;;260;280;300;290;80;90;80;80;80;4;4;;;;;;;;;;;;0.45;1.09;;;;;;;;;;https://download.basf.com/p1/8a8082587fd4b608017fd65c882559b5/en/ULTRAMID%253Csup%253E%25C2%25AE%253Csup%253E_A3WG6_LT_BLACK;Product Information BASF (02/2026);2026-10-03;"Variante LT preta (estabilizada). Não encontrei o datasheet do A3WG6 natural padrão; usar com cautela como referência de PA66-GF30.";"mfr_g_10min;mvr_cm3_10min;umidade_max_pct;zona_traseira_min_c;zona_traseira_max_c;zona_media_min_c;zona_media_max_c;zona_frontal_min_c;zona_frontal_max_c;bico_min_c;bico_max_c;contra_pressao_max_mpa;velocidade_injecao;hdt_1_8mpa_c;hdt_0_45mpa_c;densidade_fundido_g_cm3;calor_especifico_fundido_j_kg_c;condutividade_fundido_w_m_k;temp_extracao_c;temp_fluxo_c";False;False
PA66-GF30-BASF-ULTRAMID-A3HG6-HR-BK23591;PA66;BASF;Ultramid A3HG6 HR BK23591;GF30;1.37;;20;275°C/5 kg;;280;300;290;80;90;80;80;80;4;4;;290;290;290;290;290;290;290;290;;;0.47;1.15;;;;;;;;;;https://download.basf.com/p1/8a8081c57fd4b609017fd66089ce38ec/en/Ultramid%25C2%25AE_A3HG6_HR_BLACK_23591;Processing Data Sheet BASF (02/2026);2026-10-03;Grau resistente à hidrólise (HR). Temperatura da garganta do funil 80°C. Contração restrita longitudinal 0,55% (Tm 290°C, Tw 80°C). Excesso de secagem pode aumentar a viscosidade do fundido (nota do fabricante).;"mfr_g_10min;temp_fusao_c;umidade_max_pct;contra_pressao_max_mpa;velocidade_injecao;hdt_1_8mpa_c;hdt_0_45mpa_c;densidade_fundido_g_cm3;calor_especifico_fundido_j_kg_c;condutividade_fundido_w_m_k;temp_extracao_c;temp_fluxo_c";False;False
PA66-GF35-BASF-ULTRAMID-A3WG7;PA66;BASF;Ultramid A3WG7;GF35;;;;;260;280;300;290;80;90;80;80;80;;;;;;;;;;;;;;0.37;1.04;;;;;;;;;;https://download.basf.com/p1/8a8082587fd4b608017fd647e3923a71/en/ULTRAMID%25C2%25AE_A3WG7;Product Information BASF (02/2026) + Material Data Center;2026-10-03;Contração restrita 0,5%. Densidade, MVR e tempo de secagem não constavam no trecho consultado.;"densidade_g_cm3;mfr_g_10min;mvr_cm3_10min;secagem_tempo_min_h;secagem_tempo_max_h;umidade_max_pct;zona_traseira_min_c;zona_traseira_max_c;zona_media_min_c;zona_media_max_c;zona_frontal_min_c;zona_frontal_max_c;bico_min_c;bico_max_c;contra_pressao_max_mpa;velocidade_injecao;hdt_1_8mpa_c;hdt_0_45mpa_c;densidade_fundido_g_cm3;calor_especifico_fundido_j_kg_c;condutividade_fundido_w_m_k;temp_extracao_c;temp_fluxo_c";False;False
PA6-BASF-ULTRAMID-B3K;PA6;BASF;Ultramid B3K;;1.13;;160;275°C/5 kg;;250;270;260;40;60;60;80;80;4;4;;;;;;;;;;;;0.8;0.8;;;;;;;;145;;https://materialdatacenter.com/ms/en/Ultramid B/BASF+SE/Ultramid%C2%AE+B3K/3a22f000/4337;Material Data Center (dados BASF);2026-10-03;Para comparação: o Ultramid B3S R03 (outro grade PA6) traz 250-270°C de fundido, molde 40-60°C, contração 0,85% paralela e 1,0% normal, e Tm 220°C.;"mfr_g_10min;temp_fusao_c;umidade_max_pct;zona_traseira_min_c;zona_traseira_max_c;zona_media_min_c;zona_media_max_c;zona_frontal_min_c;zona_frontal_max_c;bico_min_c;bico_max_c;contra_pressao_max_mpa;velocidade_injecao;hdt_1_8mpa_c;hdt_0_45mpa_c;densidade_fundido_g_cm3;calor_especifico_fundido_j_kg_c;condutividade_fundido_w_m_k;temp_fluxo_c";False;False
PA6-GF30-BASF-ULTRAMID-B3EG6-LS-BK23189;PA6;BASF;Ultramid B3EG6 LS BK23189;GF30;1.36;;35;275°C/5 kg;220;270;290;280;80;90;80;80;80;4;4;;;;;;;;;;;;0.25;0.8;;;;;;;;;;https://download.basf.com/p1/8a8081c57fd4b609017fd663f10a3cb2/en/ULTRAMID%25C2%25AE_B3EG6_LS_BLACK_23189;Product Information BASF (02/2026) + Material Data Center;2026-10-03;Variante marcável a laser (LS). Para PA6-GF30 padrão, o B3WG6 HSP BK23210 traz fundido 260-290°C, molde 80-90°C, densidade 1,35 g/cm³, contração 0,29/0,72%.;"mfr_g_10min;umidade_max_pct;zona_traseira_min_c;zona_traseira_max_c;zona_media_min_c;zona_media_max_c;zona_frontal_min_c;zona_frontal_max_c;bico_min_c;bico_max_c;contra_pressao_max_mpa;velocidade_injecao;hdt_1_8mpa_c;hdt_0_45mpa_c;densidade_fundido_g_cm3;calor_especifico_fundido_j_kg_c;condutividade_fundido_w_m_k;temp_extracao_c;temp_fluxo_c";False;False
PBT-BASF-ULTRADUR-B4500;PBT;BASF;Ultradur B 4500;;1.3;;19;250°C/2.16 kg;223;250;275;260;40;70;60;80;120;;;0.04;;;;;;;;;;;1.6;1.9;;;;;;;;;;https://download.basf.com/p1/8a8081c57fd4b609017fd66449853d71/en/ULTRADUR%25C2%25AE_B4500;Product Information BASF (02/2026);2026-10-03;Valores recomendados (260°C / 60°C) e faixa de secagem vêm da variante B 4500 FC no Material Data Center. Umidade máxima no processamento: 0,04%.;"mfr_g_10min;secagem_tempo_min_h;secagem_tempo_max_h;zona_traseira_min_c;zona_traseira_max_c;zona_media_min_c;zona_media_max_c;zona_frontal_min_c;zona_frontal_max_c;bico_min_c;bico_max_c;contra_pressao_max_mpa;velocidade_injecao;hdt_1_8mpa_c;hdt_0_45mpa_c;densidade_fundido_g_cm3;calor_especifico_fundido_j_kg_c;condutividade_fundido_w_m_k;temp_extracao_c;temp_fluxo_c";False;False
PBT-GF30-BASF-ULTRADUR-B4300G6-HR;PBT;BASF;Ultradur B 4300 G6 HR;GF30;1.51;;5.5;250°C/2.16 kg;223;250;275;260;60;100;80;80;120;;;0.04;250;250;255;255;;;260;260;;;0.5;1.3;;;;;;;;;;https://download.basf.com/p1/8a8082587fd4b608017fd651a5df0be7/en/ULTRADUR%25C2%25AE_B4300_G6_HR;Processing Data Sheet BASF (02/2026) + Material Data Center;2026-10-03;Grau HR (resistente à hidrólise). Temperatura da garganta do funil 80°C. Evitar tempos de residência longos e temperaturas altas (degradação molecular).;"mfr_g_10min;secagem_tempo_min_h;secagem_tempo_max_h;zona_frontal_min_c;zona_frontal_max_c;contra_pressao_max_mpa;velocidade_injecao;hdt_1_8mpa_c;hdt_0_45mpa_c;densidade_fundido_g_cm3;calor_especifico_fundido_j_kg_c;condutividade_fundido_w_m_k;temp_extracao_c;temp_fluxo_c";False;False
ABS-INEOS-TERLURAN-GP-22;ABS;INEOS Styrolution;Terluran GP-22;;1.04;;19;220°C/10 kg;;220;260;;30;80;;80;80;2;4;;;;;;;;;;;;;;0.4;0.7;94;99;;;;;;https://www.ineos-styrolution.com/Product/Terluran_Terluran-GP-22_SKU300600120827.html;Datasheet do fabricante (INEOS Styrolution);2026-10-03;"Contração informada como faixa única 0,4-0,7% (livre, longitudinal); gravada nos campos de faixa, sem separar paralela/normal. HDT com corpo recozido (4 h/80°C). Vicat B/50 96°C. Umidade de equilíbrio 0,22% (23°C/50% UR). Datasheet BASF antigo (2005) listava molde 30-60°C.";"mfr_g_10min;temp_fusao_c;temp_fundido_rec_c;temp_molde_rec_c;umidade_max_pct;zona_traseira_min_c;zona_traseira_max_c;zona_media_min_c;zona_media_max_c;zona_frontal_min_c;zona_frontal_max_c;bico_min_c;bico_max_c;contra_pressao_max_mpa;velocidade_injecao;contracao_paralela_pct;contracao_normal_pct;densidade_fundido_g_cm3;calor_especifico_fundido_j_kg_c;condutividade_fundido_w_m_k;temp_extracao_c;temp_fluxo_c";False;False
PC-COVESTRO-MAKROLON-2407;PC;Covestro;Makrolon 2407;;1.2;20;19;300°C/1.2 kg;;280;320;300;80;120;;120;120;2;3;;;;;;;;;;;;0.65;0.7;;;122;134;;;;;;https://solutions.covestro.com/pt/products/makrolon/makrolon-2407_000000000086286874;Datasheet do fabricante (Covestro);2026-10-03;Contração em placa 60x60x2 mm a 500 bar. Faixa prática geral 0,5-0,7%. Tg 143°C. Edição ISO de 2017 listava molde 70-110°C e secagem 4 h.;"temp_fusao_c;temp_molde_rec_c;umidade_max_pct;zona_traseira_min_c;zona_traseira_max_c;zona_media_min_c;zona_media_max_c;zona_frontal_min_c;zona_frontal_max_c;bico_min_c;bico_max_c;contra_pressao_max_mpa;velocidade_injecao;densidade_fundido_g_cm3;calor_especifico_fundido_j_kg_c;condutividade_fundido_w_m_k;temp_extracao_c;temp_fluxo_c";False;False
PP-BRASKEM-H503;PP;Braskem;H 503;;0.905;3.5;;230°C/2.16 kg (ASTM D1238);;;;;;;;;;;;;;;;;;;;;;;;;;;;;;;;;;https://polydisteurope.com/assets/uploads/files/H503.pdf;Datasheet Braskem (revisão 12, ago/2012, via distribuidor);2026-10-03;"Homopolímero de baixo MFR (extrusão de ráfia, fibras e injeção de peças espessas). O datasheet não traz temperaturas de processamento. Módulo flexural 1,4 GPa, tensão de escoamento 35 MPa. Para injeção de paredes finas considerar graus de MFR maior (ex.: H 301, HP 550R); não consultados.";"mvr_cm3_10min;temp_fusao_c;temp_fundido_min_c;temp_fundido_max_c;temp_fundido_rec_c;temp_molde_min_c;temp_molde_max_c;temp_molde_rec_c;secagem_temp_min_c;secagem_temp_max_c;secagem_tempo_min_h;secagem_tempo_max_h;umidade_max_pct;zona_traseira_min_c;zona_traseira_max_c;zona_media_min_c;zona_media_max_c;zona_frontal_min_c;zona_frontal_max_c;bico_min_c;bico_max_c;contra_pressao_max_mpa;velocidade_injecao;contracao_paralela_pct;contracao_normal_pct;hdt_1_8mpa_c;hdt_0_45mpa_c;densidade_fundido_g_cm3;calor_especifico_fundido_j_kg_c;condutividade_fundido_w_m_k;temp_extracao_c;temp_fluxo_c";False;False
POM-DUPONT-DELRIN-500P-NC010;POM;DuPont;Delrin 500P NC010;;1.42;15;13;190°C/2.16 kg;178;210;220;215;80;100;90;80;80;2;4;;;;;;;;;;;;;;;;;;1.19;;0.24;;;https://Protolabs.com/media/1022598/delrin-500p_nc010.pdf;Datasheet UL Prospector (DuPont);2026-10-03;POM homopolímero. Secagem recomendada (desumidificador). Temperatura de recozimento 160°C, Vicat B50 155°C. Contração e HDT não constavam no trecho consultado.;"umidade_max_pct;zona_traseira_min_c;zona_traseira_max_c;zona_media_min_c;zona_media_max_c;zona_frontal_min_c;zona_frontal_max_c;bico_min_c;bico_max_c;contra_pressao_max_mpa;velocidade_injecao;contracao_paralela_pct;contracao_normal_pct;hdt_1_8mpa_c;hdt_0_45mpa_c;calor_especifico_fundido_j_kg_c;temp_extracao_c;temp_fluxo_c";False;False
PA66-DUPONT-ZYTEL-101L-NC010;PA66;DuPont;Zytel 101L NC010;;1.14;;;;262;280;300;290;50;90;70;80;80;2;4;;;;;;;;;;;;;;;;;;0.97;2790;0.16;190;;https://Protolabs.com/media/tcebrq5j/zytel-101l.pdf;"Datasheet UL Prospector (DuPont); calor específico em SI vem do datasheet do Zytel 101F";2026-10-03;Tm, temperatura de extração, condutividade e calor específico foram convertidos de °F e unidades inglesas (504°F, 374°F, 1,1 Btu·in/h/ft²/°F, 0,667 Btu/lb/°F). Contração não constava no trecho consultado.;"mfr_g_10min;mvr_cm3_10min;umidade_max_pct;zona_traseira_min_c;zona_traseira_max_c;zona_media_min_c;zona_media_max_c;zona_frontal_min_c;zona_frontal_max_c;bico_min_c;bico_max_c;contra_pressao_max_mpa;velocidade_injecao;contracao_paralela_pct;contracao_normal_pct;hdt_1_8mpa_c;hdt_0_45mpa_c;temp_fluxo_c";False;False
PA66-GF33-DUPONT-ZYTEL-70G33L-NC010;PA66;DuPont;Zytel 70G33L NC010;GF33;;;;;262;285;305;295;70;120;100;80;80;2;4;0.2;;;;;;;;;;;;;;;;;;2210;0.22;;;https://www.comsol.de/forum/thread/attachment/484732/zytel70g33lnc010-4050400.pdf;Datasheet DuPont (cópia hospedada em fórum COMSOL, edição antiga);2026-10-03;PA66 com 33% de fibra de vidro, é a alternativa DuPont mais próxima de GF30/GF35. Umidade de processamento < 0,2%. Densidade e contração não constavam no trecho consultado.;"densidade_g_cm3;mfr_g_10min;mvr_cm3_10min;zona_traseira_min_c;zona_traseira_max_c;zona_media_min_c;zona_media_max_c;zona_frontal_min_c;zona_frontal_max_c;bico_min_c;bico_max_c;contra_pressao_max_mpa;velocidade_injecao;contracao_paralela_pct;contracao_normal_pct;hdt_1_8mpa_c;hdt_0_45mpa_c;densidade_fundido_g_cm3;temp_extracao_c;temp_fluxo_c";False;False
PA66-GF33-DUPONT-ZYTEL-70G33HS1L-NC010;PA66;DuPont;Zytel 70G33HS1L NC010;GF33;;;;;262;285;305;295;70;120;100;80;80;2;4;;;;;;;;;;;;;;;;;;;2210;0.22;210;;https://www.protolabs.com/media/hxudykda/zytel-70g33hs1l.pdf;"Datasheet UL Prospector (DuPont); tempo de secagem do datasheet da versão BK031";2026-10-03;Estabilizado termicamente. Tm, extração, calor específico (0,528 Btu/lb/°F) e condutividade (1,5 Btu·in/h/ft²/°F) convertidos de unidades inglesas. Densidade e contração não constavam no trecho consultado.;"densidade_g_cm3;mfr_g_10min;mvr_cm3_10min;umidade_max_pct;zona_traseira_min_c;zona_traseira_max_c;zona_media_min_c;zona_media_max_c;zona_frontal_min_c;zona_frontal_max_c;bico_min_c;bico_max_c;contra_pressao_max_mpa;velocidade_injecao;contracao_paralela_pct;contracao_normal_pct;hdt_1_8mpa_c;hdt_0_45mpa_c;densidade_fundido_g_cm3;temp_fluxo_c";False;False
PA6-CELANESE-ZYTEL-7335F-NC010;PA6;Celanese;Zytel 7335F NC010;;;;;;221;260;280;270;50;90;70;80;80;2;4;;;;;;;;;;;;;;;;;;0.97;2700;0.16;;;https://protolabs.com/media/tqzke2yx/zytel-7335f-nc010.pdf;Datasheet UL Prospector (Celanese);2026-10-03;"A família PA6 foi inferida pela Tm de 221°C e pela série Zytel 7300; o documento consultado não declara o polímero. Conferir no datasheet oficial. Densidade e contração não constavam no trecho consultado.";"densidade_g_cm3;mfr_g_10min;mvr_cm3_10min;umidade_max_pct;zona_traseira_min_c;zona_traseira_max_c;zona_media_min_c;zona_media_max_c;zona_frontal_min_c;zona_frontal_max_c;bico_min_c;bico_max_c;contra_pressao_max_mpa;velocidade_injecao;contracao_paralela_pct;contracao_normal_pct;hdt_1_8mpa_c;hdt_0_45mpa_c;temp_extracao_c;temp_fluxo_c";False;False
PA66-GF30-DOMO-TECHNYL-A218-V30;PA66;Domo Chemicals;Technyl A 218 V30;GF30;1.36;;;;;;;;;;;;;;;;;;;;;;;;;;;;;;;;;;;;;https://ultrapolymers.com/it-CH/prodotti/2915-technyl-a-218-v30;Página de distribuidor (Ultrapolymers);2026-10-03;Somente densidade encontrada em fonte aberta. Condições de processamento ficam atrás de login (SpecialChem, Domo). Registro incompleto.;"mfr_g_10min;mvr_cm3_10min;temp_fusao_c;temp_fundido_min_c;temp_fundido_max_c;temp_fundido_rec_c;temp_molde_min_c;temp_molde_max_c;temp_molde_rec_c;secagem_temp_min_c;secagem_temp_max_c;secagem_tempo_min_h;secagem_tempo_max_h;umidade_max_pct;zona_traseira_min_c;zona_traseira_max_c;zona_media_min_c;zona_media_max_c;zona_frontal_min_c;zona_frontal_max_c;bico_min_c;bico_max_c;contra_pressao_max_mpa;velocidade_injecao;contracao_paralela_pct;contracao_normal_pct;hdt_1_8mpa_c;hdt_0_45mpa_c;densidade_fundido_g_cm3;calor_especifico_fundido_j_kg_c;condutividade_fundido_w_m_k;temp_extracao_c;temp_fluxo_c";False;False
PA66-DOMO-TECHNYL-A218;PA66;Domo Chemicals;Technyl A 218;;1.14;;;;;;;;;;;;;;;;;;;;;;;;;;;;;;;;;;;;;https://ultrapolymers.com/de-PL/produkte/2903-technyl-a-218;Página de distribuidor (Ultrapolymers);2026-10-03;Somente densidade encontrada em fonte aberta. Registro incompleto.;"mfr_g_10min;mvr_cm3_10min;temp_fusao_c;temp_fundido_min_c;temp_fundido_max_c;temp_fundido_rec_c;temp_molde_min_c;temp_molde_max_c;temp_molde_rec_c;secagem_temp_min_c;secagem_temp_max_c;secagem_tempo_min_h;secagem_tempo_max_h;umidade_max_pct;zona_traseira_min_c;zona_traseira_max_c;zona_media_min_c;zona_media_max_c;zona_frontal_min_c;zona_frontal_max_c;bico_min_c;bico_max_c;contra_pressao_max_mpa;velocidade_injecao;contracao_paralela_pct;contracao_normal_pct;hdt_1_8mpa_c;hdt_0_45mpa_c;densidade_fundido_g_cm3;calor_especifico_fundido_j_kg_c;condutividade_fundido_w_m_k;temp_extracao_c;temp_fluxo_c";False;False
POM-CELANESE-HOSTAFORM-C9021;POM;Celanese;Hostaform C 9021;;1.41;;8;190°C/2.16 kg;166;190;210;205;80;120;90;100;120;3;4;;170;180;180;190;190;200;190;210;;;2.0;1.9;;;;;1.2;2210;0.155;140;;https://plasticker.de/docs/recybase/44158_1748333698.pdf;Datasheet CAMPUS (Celanese), via plasticker.de;2026-10-03;"Mesmo polímero base do Celcon M90 (Celanese cita equivalência). Secagem normalmente não é exigida. Guia anterior (CAMPUS/Material Data Center) indica fundido 180-190°C e recozimento 130-140°C; outro documento CAMPUS lista temperatura de extração 127°C. Zona 4 = 190-210°C mapeada em bico.";"mfr_g_10min;umidade_max_pct;contra_pressao_max_mpa;velocidade_injecao;hdt_1_8mpa_c;hdt_0_45mpa_c;temp_fluxo_c";False;False
POM-PTFE-CELANESE-HOSTAFORM-C9021-TF;POM;Celanese;Hostaform C 9021 TF;PTFE;1.51;;6;190°C/2.16 kg;166;190;210;205;80;120;90;100;120;3;4;;170;180;180;190;190;200;190;210;;;2.0;1.7;;;;;;;;;;https://plasticker.de/docs/recybase/37228_1720613132.pdf;Datasheet CAMPUS (Celanese), via plasticker.de;2026-10-03;"POM copolímero com PTFE (baixo atrito). Vicat 145°C. Secagem normalmente não exigida; só se houve contato com umidade.";"mfr_g_10min;umidade_max_pct;contra_pressao_max_mpa;velocidade_injecao;hdt_1_8mpa_c;hdt_0_45mpa_c;densidade_fundido_g_cm3;calor_especifico_fundido_j_kg_c;condutividade_fundido_w_m_k;temp_extracao_c;temp_fluxo_c";False;False
PA6-GF30-BASF-ULTRAMID-B3WG6;PA6;BASF;Ultramid B3WG6;GF30;;;30;275°C/5 kg;220;270;290;280;80;90;;80;80;;;;260;260;270;270;280;280;280;280;;;;;;;210;;;;;;;https://products-asia.basf.com/products/ultramid-b3wg6-uncolored-polyamide;Página de produto BASF Ásia;2026-10-03;"Natural, estabilizado. Garganta do funil 80°C. Densidade e contração não constavam; variantes pretas do mesmo grade trazem 1,35-1,36 g/cm³ (B3WG6 BK00564: 1,36).";"densidade_g_cm3;mfr_g_10min;temp_molde_rec_c;secagem_tempo_min_h;secagem_tempo_max_h;umidade_max_pct;contra_pressao_max_mpa;velocidade_injecao;contracao_paralela_pct;contracao_normal_pct;hdt_0_45mpa_c;densidade_fundido_g_cm3;calor_especifico_fundido_j_kg_c;condutividade_fundido_w_m_k;temp_extracao_c;temp_fluxo_c";False;False
PA6-GF30-BASF-ULTRAMID-B3EG6-UN;PA6;BASF;Ultramid B3EG6 UN;GF30;1.36;;35;275°C/5 kg;220;270;290;280;80;90;80;80;80;;;;;;;;;;;;;;;;;;;;;2230;;160;;https://materialdatacenter.com/ms/en/Ultramid B/BASF+SE/Ultramid%C2%AE+B3EG6+UN/6da097e1/4337;Material Data Center (dados BASF);2026-10-03;Natural. Vicat B 220°C. O datasheet de produto BASF (B3EG6, 02/2026) confirma 270-290°C, molde 80-90°C e densidade 1,36 g/cm³.;"mfr_g_10min;secagem_tempo_min_h;secagem_tempo_max_h;umidade_max_pct;zona_traseira_min_c;zona_traseira_max_c;zona_media_min_c;zona_media_max_c;zona_frontal_min_c;zona_frontal_max_c;bico_min_c;bico_max_c;contra_pressao_max_mpa;velocidade_injecao;contracao_paralela_pct;contracao_normal_pct;hdt_1_8mpa_c;hdt_0_45mpa_c;densidade_fundido_g_cm3;condutividade_fundido_w_m_k;temp_fluxo_c";False;False
PA12-EMS-GRILAMID-L20G-NATURAL;PA12;EMS-Grivory;Grilamid L 20 G natural;;1.01;;;;178;;;250;;;40;;;;;;;;;;;;;;;;0.8;0.8;;;;;0.86;2900;0.22;140;;https://materialdatacenter.com/ms/en/Grilamid/EMS-CHEMIE/Grilamid+L+20+G+natural/930b51f8/925;Material Data Center (dados EMS-Grivory);2026-10-03;"Fundido 250°C e molde 40°C são as condições do corpo de prova ISO 294, não faixas de processo. Faixas de processo e secagem não constavam; outros grades L 20 indicam fundido 200-230°C ou 230-250°C conforme o grade.";"mfr_g_10min;mvr_cm3_10min;temp_fundido_min_c;temp_fundido_max_c;temp_molde_min_c;temp_molde_max_c;secagem_temp_min_c;secagem_temp_max_c;secagem_tempo_min_h;secagem_tempo_max_h;umidade_max_pct;zona_traseira_min_c;zona_traseira_max_c;zona_media_min_c;zona_media_max_c;zona_frontal_min_c;zona_frontal_max_c;bico_min_c;bico_max_c;contra_pressao_max_mpa;velocidade_injecao;hdt_1_8mpa_c;hdt_0_45mpa_c;temp_fluxo_c";False;False
PPS-GF40-CELANESE-FORTRON-1140L4;PPS;Celanese;Fortron 1140L4;GF40;;;;;280;330;340;;140;160;;130;140;3;4;;290;300;310;320;330;340;310;330;;;;;;;;;;1500;;;;https://Protolabs.com/media/1t4hwpu5/fortron_pps-1140l4.pdf;Datasheet UL Prospector (Celanese);2026-10-03;"Temperatura do funil 20-30°C. Tg 90°C. Molde no mínimo 140°C (guia Celanese: ao menos 135°C para máxima cristalinidade). Densidade e contração não constavam para o 1140L4; o 1140L6 (variante de fluxo maior) indica 1,65 g/cm³, 0,3/0,6%.";"densidade_g_cm3;mfr_g_10min;mvr_cm3_10min;temp_fundido_rec_c;temp_molde_rec_c;umidade_max_pct;contra_pressao_max_mpa;velocidade_injecao;contracao_paralela_pct;contracao_normal_pct;hdt_1_8mpa_c;hdt_0_45mpa_c;densidade_fundido_g_cm3;condutividade_fundido_w_m_k;temp_extracao_c;temp_fluxo_c";False;False
PET-GF30-CELANESE-RYNITE-530-NC010;PET;Celanese;Rynite 530 NC010;GF30;1.56;;;;252;280;300;285;120;140;130;120;120;4;6;;;;;;;;;;;;0.2;0.8;;;;;;;;170;;https://WWW.PROTOLABS.COM/media/1o4l4zuy/pet-rynite-530.pdf;Datasheet UL Prospector (DuPont, 2022);2026-10-03;Contração após 48 h a 80°C: 0,10% (fluxo) e 0,45% (transversal). Vicat B50 230°C. Molde alto é necessário para boa cristalização e menor empenamento.;"mfr_g_10min;mvr_cm3_10min;umidade_max_pct;zona_traseira_min_c;zona_traseira_max_c;zona_media_min_c;zona_media_max_c;zona_frontal_min_c;zona_frontal_max_c;bico_min_c;bico_max_c;contra_pressao_max_mpa;velocidade_injecao;hdt_1_8mpa_c;hdt_0_45mpa_c;densidade_fundido_g_cm3;calor_especifico_fundido_j_kg_c;condutividade_fundido_w_m_k;temp_fluxo_c";False;False
PET-GF30-CELANESE-RYNITE-530HTE-NC010;PET;Celanese;Rynite 530HTE NC010;GF30;1.56;9;;280°C/2.16 kg (MFR);;280;300;285;120;140;140;120;120;4;6;;;;;;;;;;;;0.1;0.6;;;;;1.36;1500;0.29;170;;https://plasticker.de/docs/recybase/943_1761037086.pdf;Datasheet CAMPUS (Celanese), via plasticker.de;2026-10-03;Grau de alta temperatura/dielétrico. Com molde mais frio, o empenamento e a contração iniciais são maiores.;"mvr_cm3_10min;temp_fusao_c;umidade_max_pct;zona_traseira_min_c;zona_traseira_max_c;zona_media_min_c;zona_media_max_c;zona_frontal_min_c;zona_frontal_max_c;bico_min_c;bico_max_c;contra_pressao_max_mpa;velocidade_injecao;hdt_1_8mpa_c;hdt_0_45mpa_c;temp_fluxo_c";False;False
PET-GF30-FR-CELANESE-RYNITE-FR530-NC010;PET;Celanese;Rynite FR530 NC010;GF30;1.68;;;;252;270;290;280;100;120;110;120;120;4;6;;;;;;;;;;;;;;;;;;;1720;0.24;170;;https://protolabs.com/media/zn4eig30/rynite-fr530-nc010.pdf;Datasheet UL Prospector (Celanese);2026-10-03;Retardante de chama. Tg 90°C, Vicat B50 220°C. Contração não constava no trecho consultado.;"mfr_g_10min;mvr_cm3_10min;umidade_max_pct;zona_traseira_min_c;zona_traseira_max_c;zona_media_min_c;zona_media_max_c;zona_frontal_min_c;zona_frontal_max_c;bico_min_c;bico_max_c;contra_pressao_max_mpa;velocidade_injecao;contracao_paralela_pct;contracao_normal_pct;hdt_1_8mpa_c;hdt_0_45mpa_c;densidade_fundido_g_cm3;temp_fluxo_c";False;False
ASA-INEOS-LURAN-S-778T;ASA;INEOS Styrolution;Luran S 778T;;1.07;;5;220°C/10 kg;;240;280;250;40;80;60;80;80;2;4;;;;;;;;;;;;0.5;0.9;;;;;0.96;2000;0.16;95;;https://rolec.com/fileadmin/Media/bb/02/ASA%20Luran-en.pdf;Datasheet CAMPUS (INEOS Styrolution);2026-10-03;"Calor específico: 2000 J/kg/K nesta fonte; Material Data Center lista 2160. Vicat 104°C.";"mfr_g_10min;temp_fusao_c;umidade_max_pct;zona_traseira_min_c;zona_traseira_max_c;zona_media_min_c;zona_media_max_c;zona_frontal_min_c;zona_frontal_max_c;bico_min_c;bico_max_c;contra_pressao_max_mpa;velocidade_injecao;hdt_1_8mpa_c;hdt_0_45mpa_c;temp_fluxo_c";False;False
PC-ABS-COVESTRO-BAYBLEND-T65-XF;PC+ABS;Covestro;Bayblend T65 XF;;1.13;;18;260°C/5 kg;;240;270;260;70;90;80;95;110;4;4;;220;230;225;235;230;240;255;265;;;;;0.5;0.7;102;122;;;;;;https://protolabs.com/media/k3ej31tv/bayblend-t65-xf.pdf;Datasheet UL Prospector/Covestro;2026-10-03;Contração por ISO 2577, faixa única 0,5-0,7%. Vicat B/120 = 120°C. Viscosidade do fundido 200 Pa·s (260°C, 1000 s⁻¹). Secagem em desumidificador.;"mfr_g_10min;temp_fusao_c;umidade_max_pct;contra_pressao_max_mpa;velocidade_injecao;contracao_paralela_pct;contracao_normal_pct;densidade_fundido_g_cm3;calor_especifico_fundido_j_kg_c;condutividade_fundido_w_m_k;temp_extracao_c;temp_fluxo_c";False;False
PMMA-ROHM-PLEXIGLAS-7N;PMMA;Röhm;Plexiglas 7N;;1.19;;6;230°C (carga não exibida na fonte);;220;260;;60;90;;;;;;;;;;;;;;;;;;;;;;;1.06;2440;;;;https://www.materialdatacenter.com/ms/en/Plexiglas/R%C3%B6hm+GmbH/PLEXIGLAS®+7N/a7aaeaa5/2125;Material Data Center (dados Röhm);2026-10-03;Condições do corpo de prova ISO 294: fundido 243°C, molde 63°C, velocidade de injeção 195 mm/s. Secagem: a fonte informa temperatura máxima mas o valor não constava no trecho consultado. Higroscópico: secar antes de moldar.;"mfr_g_10min;temp_fusao_c;temp_fundido_rec_c;temp_molde_rec_c;secagem_temp_min_c;secagem_temp_max_c;secagem_tempo_min_h;secagem_tempo_max_h;umidade_max_pct;zona_traseira_min_c;zona_traseira_max_c;zona_media_min_c;zona_media_max_c;zona_frontal_min_c;zona_frontal_max_c;bico_min_c;bico_max_c;contra_pressao_max_mpa;velocidade_injecao;contracao_paralela_pct;contracao_normal_pct;hdt_1_8mpa_c;hdt_0_45mpa_c;condutividade_fundido_w_m_k;temp_extracao_c;temp_fluxo_c";False;False
PS-INEOS-STYROLUTION-PS-158N;PS;INEOS Styrolution;Styrolution PS 158N;;1.04;;3;200°C/5 kg;;180;280;230;10;60;40;;;;;;;;;;;;;;;;;;;;;;;;;;;https://materialdatacenter.com/ms/pt/Styrolution PS/INEOS+Styrolution/Styrolution®+PS+158N/52572c10/6541;Material Data Center (dados INEOS Styrolution) + distribuidor (densidade);2026-10-03;"Densidade vem de página de distribuidor para o PS 158N/L (variante com lubrificante); o PS 158K traz 1,048 g/cm³. Para extrusão, fundido não deve passar de 240°C.";"mfr_g_10min;temp_fusao_c;secagem_temp_min_c;secagem_temp_max_c;secagem_tempo_min_h;secagem_tempo_max_h;umidade_max_pct;zona_traseira_min_c;zona_traseira_max_c;zona_media_min_c;zona_media_max_c;zona_frontal_min_c;zona_frontal_max_c;bico_min_c;bico_max_c;contra_pressao_max_mpa;velocidade_injecao;contracao_paralela_pct;contracao_normal_pct;hdt_1_8mpa_c;hdt_0_45mpa_c;densidade_fundido_g_cm3;calor_especifico_fundido_j_kg_c;condutividade_fundido_w_m_k;temp_extracao_c;temp_fluxo_c";False;False
PP-LYONDELLBASELL-MOPLEN-HP500N;PP;LyondellBasell;Moplen HP500N;;0.9;12;;230°C/2.16 kg;;;;;;;;;;;;;;;;;;;;;;;;;;;;95;;;;;;https://www.lyondellbasell.com/en/polymers/p/Moplen-HP500N-B/88ee335f-45c0-4e3e-aa8d-c2660543ba2d;Datasheet do fabricante (LyondellBasell, grade HP500N B, Ásia-Pacífico);2026-10-03;"Homopolímero de uso geral em injeção. Os dados públicos do fabricante não trazem temperaturas de processo nem contração. O grade HP500N B (Ásia-Pacífico) é a versão com página aberta; a ficha da HP500N foi vista em cópia de terceiros.";"mvr_cm3_10min;temp_fusao_c;temp_fundido_min_c;temp_fundido_max_c;temp_fundido_rec_c;temp_molde_min_c;temp_molde_max_c;temp_molde_rec_c;secagem_temp_min_c;secagem_temp_max_c;secagem_tempo_min_h;secagem_tempo_max_h;umidade_max_pct;zona_traseira_min_c;zona_traseira_max_c;zona_media_min_c;zona_media_max_c;zona_frontal_min_c;zona_frontal_max_c;bico_min_c;bico_max_c;contra_pressao_max_mpa;velocidade_injecao;contracao_paralela_pct;contracao_normal_pct;hdt_1_8mpa_c;densidade_fundido_g_cm3;calor_especifico_fundido_j_kg_c;condutividade_fundido_w_m_k;temp_extracao_c;temp_fluxo_c";False;False
PP-LYONDELLBASELL-MOPLEN-HP500V;PP;LyondellBasell;Moplen HP500V;;0.91;120;;230°C/2.16 kg;;;;;;;;;;;;;;;;;;;;;;;;;;;;80;;;;;;https://www.lyondellbasell.com/en/polymers/p/Moplen-HP500V/646db5f6-10ec-4142-8ee5-5ff42c7577e1;Datasheet do fabricante (LyondellBasell);2026-10-03;Homopolímero de altíssima fluidez para paredes finas e longos percursos de fluxo. Sem temperaturas de processo nem contração no dado público.;"mvr_cm3_10min;temp_fusao_c;temp_fundido_min_c;temp_fundido_max_c;temp_fundido_rec_c;temp_molde_min_c;temp_molde_max_c;temp_molde_rec_c;secagem_temp_min_c;secagem_temp_max_c;secagem_tempo_min_h;secagem_tempo_max_h;umidade_max_pct;zona_traseira_min_c;zona_traseira_max_c;zona_media_min_c;zona_media_max_c;zona_frontal_min_c;zona_frontal_max_c;bico_min_c;bico_max_c;contra_pressao_max_mpa;velocidade_injecao;contracao_paralela_pct;contracao_normal_pct;hdt_1_8mpa_c;densidade_fundido_g_cm3;calor_especifico_fundido_j_kg_c;condutividade_fundido_w_m_k;temp_extracao_c;temp_fluxo_c";False;False
PA66-GF35-BASF-ULTRAMID-A3EG7;PA66;BASF;Ultramid A3EG7;GF35;;;;;260;280;300;290;80;90;80;80;80;;;;;;;;;;;;;;0.48;1.0;;;;;;;;;;https://download.basf.com/p1/8a8082587fd4b608017fd656f0863da4/en/ULTRAMID%25C2%25AE_A3EG7;Product Information BASF (02/2026);2026-10-03;Contração restrita 0,49%. Escoamento em espiral d=2,0 mm: 40 cm. Temperatura de serviço de curta duração 240°C. Densidade, MVR e tempo de secagem não constavam.;"densidade_g_cm3;mfr_g_10min;mvr_cm3_10min;secagem_tempo_min_h;secagem_tempo_max_h;umidade_max_pct;zona_traseira_min_c;zona_traseira_max_c;zona_media_min_c;zona_media_max_c;zona_frontal_min_c;zona_frontal_max_c;bico_min_c;bico_max_c;contra_pressao_max_mpa;velocidade_injecao;hdt_1_8mpa_c;hdt_0_45mpa_c;densidade_fundido_g_cm3;calor_especifico_fundido_j_kg_c;condutividade_fundido_w_m_k;temp_extracao_c;temp_fluxo_c";False;False
PA66-GF30-BASF-ULTRAMID-A3EG6;PA66;BASF;Ultramid A3EG6;GF30;;;30;275°C/5 kg;;280;300;290;80;90;80;80;80;;;;;;;;;;;;;;;;;;;;;;;;;https://www.materialdatacenter.com/ms/zh/Ultramid A/BASF/Ultramid®+A3EG6/b2ada2dd/371;Material Data Center (dados BASF);2026-10-03;Natural e padrão (o grade PA66-GF30 mais comum da BASF para este perfil). Densidade, contração e tempo de secagem não constavam no trecho consultado.;"densidade_g_cm3;mfr_g_10min;temp_fusao_c;secagem_tempo_min_h;secagem_tempo_max_h;umidade_max_pct;zona_traseira_min_c;zona_traseira_max_c;zona_media_min_c;zona_media_max_c;zona_frontal_min_c;zona_frontal_max_c;bico_min_c;bico_max_c;contra_pressao_max_mpa;velocidade_injecao;contracao_paralela_pct;contracao_normal_pct;hdt_1_8mpa_c;hdt_0_45mpa_c;densidade_fundido_g_cm3;calor_especifico_fundido_j_kg_c;condutividade_fundido_w_m_k;temp_extracao_c;temp_fluxo_c";False;False
PEEK-VICTREX-450G;PEEK;Victrex;Victrex PEEK 450G;;1.3;;;;;;;;170;200;;120;150;3;5;0.02;;;;;;;375;375;;;1.0;;;;152;;;;;;;https://www.victrex.com/en/downloads/datasheets/victrex-peek-450g;"Datasheet do fabricante (Victrex); valores numéricos de moldagem da revisão de jul/2014 (cópia em moodle.units.it)";2026-10-03;"Secagem: 150°C/3 h ou 120°C/5 h. Perfil de cilindro do doc. 2014: 355/360/365/370/375°C (bico = 375°C). Temperatura do funil ≤ 100°C. Contração 1,0% ao longo do fluxo (bico 375°C, molde 180°C); serve só para comparação entre materiais. HDT 152°C (moldado). Viscosidade 350 Pa·s a 400°C. A página atual (mar/2026) tem a mesma estrutura mas os números não vieram na extração.";"mfr_g_10min;mvr_cm3_10min;temp_fusao_c;temp_fundido_min_c;temp_fundido_max_c;temp_fundido_rec_c;temp_molde_rec_c;zona_traseira_min_c;zona_traseira_max_c;zona_media_min_c;zona_media_max_c;zona_frontal_min_c;zona_frontal_max_c;contra_pressao_max_mpa;velocidade_injecao;contracao_normal_pct;hdt_0_45mpa_c;densidade_fundido_g_cm3;calor_especifico_fundido_j_kg_c;condutividade_fundido_w_m_k;temp_extracao_c;temp_fluxo_c";False;False
PEEK-GF20-VICTREX-450GL20;PEEK;Victrex;Victrex PEEK 450GL20;GF20;1.43;;;;343;;;;170;200;;120;150;3;5;;360;360;365;370;375;375;380;380;;;;;;;;;;;;;;https://www.victrex.com/~/media/fc086a419d8e4d278edbbd1faddce8a5.pdf;Datasheet do fabricante (Victrex, 2025);2026-10-03;Funil < 100°C. Viscosidade 475 Pa·s a 400°C. Contração e HDT existem na ficha mas não vieram na extração. Moldar com molde a 190°C e fundido a 380°C no ensaio de espiral.;"mfr_g_10min;mvr_cm3_10min;temp_fundido_min_c;temp_fundido_max_c;temp_fundido_rec_c;temp_molde_rec_c;umidade_max_pct;contra_pressao_max_mpa;velocidade_injecao;contracao_paralela_pct;contracao_normal_pct;hdt_1_8mpa_c;hdt_0_45mpa_c;densidade_fundido_g_cm3;calor_especifico_fundido_j_kg_c;condutividade_fundido_w_m_k;temp_extracao_c;temp_fluxo_c";False;False
PEI-SABIC-ULTEM-1000;PEI;SABIC;Ultem 1000;;;9;;337°C/6.6 kgf (ASTM D1238);;350;400;;135;165;;150;150;4;6;;330;400;340;400;345;400;345;400;;;;;0.5;0.7;;;;;;;;https://Protolabs.com/media/1020056/ultem-resin_1000_americas_technical_data_sheet.pdf;Datasheet SABIC (Americas, 2020);2026-10-03;Amorfo, Tg 217°C. Contração em fluxo, 3,2 mm, método SABIC. Tempo de secagem cumulativo máximo 24 h. Faixas de cilindro muito largas no datasheet: ajustar na máquina. Densidade não constava.;"densidade_g_cm3;mvr_cm3_10min;temp_fusao_c;temp_fundido_rec_c;temp_molde_rec_c;umidade_max_pct;contra_pressao_max_mpa;velocidade_injecao;contracao_paralela_pct;contracao_normal_pct;hdt_1_8mpa_c;hdt_0_45mpa_c;densidade_fundido_g_cm3;calor_especifico_fundido_j_kg_c;condutividade_fundido_w_m_k;temp_extracao_c;temp_fluxo_c";False;False
TPU-BASF-ELASTOLLAN-1185A-W;TPU;BASF;Elastollan 1185 A W;;1.16;;;;;;;210;25;40;;;;;;;;;;;;;;;;;;;;;;;;;;;;https://materialdatacenter.com/ms/en/Elastollan/BASF+Polyurethanes+GmbH/Elastollan®+1185+A+W/612b15e2/906;Material Data Center (dados BASF Polyurethanes);2026-10-03;"TPU poliéter com plastificante. Tg -48°C. Ensaio ISO 294: fundido 210°C, molde 60°C. TPU é higroscópico e precisa de secagem; condições não constavam neste grade.";"mfr_g_10min;mvr_cm3_10min;temp_fusao_c;temp_fundido_min_c;temp_fundido_max_c;temp_molde_rec_c;secagem_temp_min_c;secagem_temp_max_c;secagem_tempo_min_h;secagem_tempo_max_h;umidade_max_pct;zona_traseira_min_c;zona_traseira_max_c;zona_media_min_c;zona_media_max_c;zona_frontal_min_c;zona_frontal_max_c;bico_min_c;bico_max_c;contra_pressao_max_mpa;velocidade_injecao;contracao_paralela_pct;contracao_normal_pct;hdt_1_8mpa_c;hdt_0_45mpa_c;densidade_fundido_g_cm3;calor_especifico_fundido_j_kg_c;condutividade_fundido_w_m_k;temp_extracao_c;temp_fluxo_c";False;False
TPU-BASF-ELASTOLLAN-1185A-FHF;TPU;BASF;Elastollan 1185 A FHF;;1.23;;;;;;;210;25;40;;80;90;2;3;;;;;;;;;;;;;;;;;;;;;;;https://materialdatacenter.com/ms/en/Elastollan/BASF+Polyurethanes+GmbH/Elastollan®+1185+A+FHF/28c83516/906;Material Data Center (dados BASF Polyurethanes);2026-10-03;TPU poliéter, sem halogênio e retardante de chama (uso em cabos e plugues). Pré-secagem de 2-3 h a 80-90°C em desumidificador (ou 100-110°C em estufa com circulação). Tg -44°C.;"mfr_g_10min;mvr_cm3_10min;temp_fusao_c;temp_fundido_min_c;temp_fundido_max_c;temp_molde_rec_c;umidade_max_pct;zona_traseira_min_c;zona_traseira_max_c;zona_media_min_c;zona_media_max_c;zona_frontal_min_c;zona_frontal_max_c;bico_min_c;bico_max_c;contra_pressao_max_mpa;velocidade_injecao;contracao_paralela_pct;contracao_normal_pct;hdt_1_8mpa_c;hdt_0_45mpa_c;densidade_fundido_g_cm3;calor_especifico_fundido_j_kg_c;condutividade_fundido_w_m_k;temp_extracao_c;temp_fluxo_c";False;False
LCP-GF30-CELANESE-VECTRA-E130I;LCP;Celanese;Vectra E130i;GF30;1.61;;;;335;335;345;;80;120;;150;170;4;6;;315;325;320;330;325;335;335;345;;;;;;;;;;;;;;https://protolabs.com/media/30lixavj/vectra-e130i.pdf;Datasheet UL Prospector (Celanese, dez/2023);2026-10-03;Todas as temperaturas convertidas de °F. Densidade a granel 0,71 g/cm³. Zona 4 = 330-340°C e funil 20-30°C, alimentação 60-80°C. Contração não constava no trecho consultado. Viscosidade cai rápido com o cisalhamento: aumentar a velocidade de injeção ajuda a encher.;"mfr_g_10min;mvr_cm3_10min;temp_fundido_rec_c;temp_molde_rec_c;umidade_max_pct;contra_pressao_max_mpa;velocidade_injecao;contracao_paralela_pct;contracao_normal_pct;hdt_1_8mpa_c;hdt_0_45mpa_c;densidade_fundido_g_cm3;calor_especifico_fundido_j_kg_c;condutividade_fundido_w_m_k;temp_extracao_c;temp_fluxo_c";False;False
SAN-INEOS-LURAN-358N;SAN;INEOS Styrolution;Luran 358N;;1.08;;22;"220°C (carga não exibida na fonte; Luran SAN usa 10 kg)";;220;260;;40;80;;80;80;2;4;;;;;;;;;;;;;;;;;;;;0.17;;;https://materialdatacenter.com/ms/en/Luran/INEOS+Styrolution/Luran®+358N/238afc86/345;Material Data Center (dados INEOS Styrolution);2026-10-03;"Grade SAN de fácil fluxo para paredes finas. A carga do MVR é inferência pela família Luran; confirmar no datasheet.";"mfr_g_10min;temp_fusao_c;temp_fundido_rec_c;temp_molde_rec_c;umidade_max_pct;zona_traseira_min_c;zona_traseira_max_c;zona_media_min_c;zona_media_max_c;zona_frontal_min_c;zona_frontal_max_c;bico_min_c;bico_max_c;contra_pressao_max_mpa;velocidade_injecao;contracao_paralela_pct;contracao_normal_pct;hdt_1_8mpa_c;hdt_0_45mpa_c;densidade_fundido_g_cm3;calor_especifico_fundido_j_kg_c;temp_extracao_c;temp_fluxo_c";False;False
PA46-ENVALIOR-STANYL-TW341;PA46;Envalior (ex-DSM);Stanyl TW341;;1.18;;;;295;300;320;;80;120;;;;;;;280;320;300;320;300;320;280;300;;;2.0;2.0;;;;;;;;;;https://protolabs.com/media/zkljkqyq/stanyl-tw341.pdf;Datasheet IDES/Protolabs (2011) + Envalior Property Data (2026);2026-10-03;Perfis de cilindro do datasheet de 2011. Contração 2% (seco) em ambas as direções, método semelhante a ISO 294-4. Sem condições de secagem na extração.;"mfr_g_10min;mvr_cm3_10min;temp_fundido_rec_c;temp_molde_rec_c;secagem_temp_min_c;secagem_temp_max_c;secagem_tempo_min_h;secagem_tempo_max_h;umidade_max_pct;contra_pressao_max_mpa;velocidade_injecao;hdt_1_8mpa_c;hdt_0_45mpa_c;densidade_fundido_g_cm3;calor_especifico_fundido_j_kg_c;condutividade_fundido_w_m_k;temp_extracao_c;temp_fluxo_c";False;False
PPE-PP-SABIC-NORYL-PPX7115;PPE+PP;SABIC;Noryl PPX7115 (Europa);;0.99;;12;260°C (carga não exibida na fonte);;260;290;;40;60;;60;65;2;4;0.02;;;;;;;;;;;;;;;;;;2300;0.21;142;;https://materialdatacenter.com/ms/en/Noryl PPX/Saudi+Basic+Industries+Corporation+%28SABIC%29/NORYL+PPX%E2%84%A2++Resin+PPX7115+-+Europe/db70f7fc/7615;Material Data Center (dados SABIC);2026-10-03;Temperatura de alimentação 60-80°C. Umidade de processamento ≤ 0,02%.;"mfr_g_10min;temp_fusao_c;temp_fundido_rec_c;temp_molde_rec_c;zona_traseira_min_c;zona_traseira_max_c;zona_media_min_c;zona_media_max_c;zona_frontal_min_c;zona_frontal_max_c;bico_min_c;bico_max_c;contra_pressao_max_mpa;velocidade_injecao;contracao_paralela_pct;contracao_normal_pct;hdt_1_8mpa_c;hdt_0_45mpa_c;densidade_fundido_g_cm3;temp_fluxo_c";False;False
PPE-PP-GF30-SABIC-NORYL-PPX630;PPE+PP;SABIC;Noryl PPX630 (Ásia);GF30;1.19;2.6;;260°C/5 kgf (ASTM D1238);;260;300;;40;65;;65;75;2;4;0.02;;;;;;;;;;;;;;;;;;;;;;https://materialdatacenter.com/ms/en/tradenames/Noryl PPX/Saudi+Basic+Industries+Corporation+%28SABIC%29/NORYL+PPX™++Resin+PPX630+-+Asia/0ce4dfa5/7615;Material Data Center (dados SABIC) + plabase (carga do MFR);2026-10-03;Vicat B/50 162°C. HDT 0,45 MPa 155°C e 1,82 MPa 133°C (plabase, grade Noryl PPX de mesma densidade e MFR).;"mvr_cm3_10min;temp_fusao_c;temp_fundido_rec_c;temp_molde_rec_c;zona_traseira_min_c;zona_traseira_max_c;zona_media_min_c;zona_media_max_c;zona_frontal_min_c;zona_frontal_max_c;bico_min_c;bico_max_c;contra_pressao_max_mpa;velocidade_injecao;contracao_paralela_pct;contracao_normal_pct;hdt_1_8mpa_c;hdt_0_45mpa_c;densidade_fundido_g_cm3;calor_especifico_fundido_j_kg_c;condutividade_fundido_w_m_k;temp_extracao_c;temp_fluxo_c";False;False
PBT-GF30-CELANESE-CELANEX-733LD;PBT;Celanese;Celanex 733LD;GF30;1.43;;;;;235;265;;65;93;;;;;;;230;250;235;255;240;260;250;265;;;0.2;0.6;;;;;;;;;;https://www.materialdatacenter.com/ms/en/Celanex/Celanese/CELANEX+733LD/9d3a3fe6/2424;Material Data Center (dados Celanese);2026-10-03;"Secagem não constava neste grade; os Celanex em geral pedem umidade ≤ 0,02%, secador a ar seco 120-140°C por 2-4 h (documento do Celanex 2302).";"mfr_g_10min;mvr_cm3_10min;temp_fusao_c;temp_fundido_rec_c;temp_molde_rec_c;secagem_temp_min_c;secagem_temp_max_c;secagem_tempo_min_h;secagem_tempo_max_h;umidade_max_pct;contra_pressao_max_mpa;velocidade_injecao;hdt_1_8mpa_c;hdt_0_45mpa_c;densidade_fundido_g_cm3;calor_especifico_fundido_j_kg_c;condutividade_fundido_w_m_k;temp_extracao_c;temp_fluxo_c";False;False
PBT-PET-GF30-CELANESE-CELANEX-2302-GV1-30LT;PBT+PET;Celanese;Celanex 2302 GV1/30LT ED4868 Black;GF30;;;;;;255;275;;80;100;;120;140;2;4;0.02;;;;;;;;;;;;;;;;;;;;;;https://www.materialdatacenter.com/ms/de/Celanex/Celanese/CELANEX®+2302+GV130LT+ED4868+Black/162aaea1/2424;Material Data Center (dados Celanese);2026-10-03;"Secador a ar seco com ponto de orvalho < -30°C; se o tempo no secador for longo, reduzir para 100°C. Molde pode ser 60-100°C, mas ≥ 80°C melhora aparência e estabilidade dimensional. Celanese recomenda só câmara quente aquecida externamente. Densidade e contração não constavam.";"densidade_g_cm3;mfr_g_10min;mvr_cm3_10min;temp_fusao_c;temp_fundido_rec_c;temp_molde_rec_c;zona_traseira_min_c;zona_traseira_max_c;zona_media_min_c;zona_media_max_c;zona_frontal_min_c;zona_frontal_max_c;bico_min_c;bico_max_c;contra_pressao_max_mpa;velocidade_injecao;contracao_paralela_pct;contracao_normal_pct;hdt_1_8mpa_c;hdt_0_45mpa_c;densidade_fundido_g_cm3;calor_especifico_fundido_j_kg_c;condutividade_fundido_w_m_k;temp_extracao_c;temp_fluxo_c";False;False
POM-CELANESE-HOSTAFORM-C9021-G;POM;Celanese;Hostaform C 9021 G;;1.34;;5.5;190°C/2.16 kg;166;;;;;;;;;;;;;;;;;;;;;;2.3;1.8;;;;;;;;;;https://www.materialdatacenter.com/ms/en/Hostaform/Celanese/HOSTAFORM®+C+9021+G/fcd4023e/2434;Material Data Center (dados Celanese);2026-10-03;"Variante 'G' do C 9021, de menor densidade que o padrão; a natureza da modificação não constava no trecho consultado. Sem dados de processamento na extração. Registro incompleto.";"mfr_g_10min;temp_fundido_min_c;temp_fundido_max_c;temp_fundido_rec_c;temp_molde_min_c;temp_molde_max_c;temp_molde_rec_c;secagem_temp_min_c;secagem_temp_max_c;secagem_tempo_min_h;secagem_tempo_max_h;umidade_max_pct;zona_traseira_min_c;zona_traseira_max_c;zona_media_min_c;zona_media_max_c;zona_frontal_min_c;zona_frontal_max_c;bico_min_c;bico_max_c;contra_pressao_max_mpa;velocidade_injecao;hdt_1_8mpa_c;hdt_0_45mpa_c;densidade_fundido_g_cm3;calor_especifico_fundido_j_kg_c;condutividade_fundido_w_m_k;temp_extracao_c;temp_fluxo_c";False;False
